{"coverage": {"mean": 0.7101911301349504, "median": 0.7558823529411764, "mean_deviation": 0.26106213763916875, "standard_deviation": 0.32862540183708594}, "correctRatio": {"mean": 0.8284238857272566, "median": 0.98046875, "mean_deviation": 0.2467611531113621, "standard_deviation": 0.32547299347275654}, "wrongRatio": {"mean": 0.06296188206300565, "median": 0.01040723981900453, "mean_deviation": 0.10422903322789749, "standard_deviation": 0.1499334686468656}}