{"coverage": {"mean": 0.936925, "median": 0.9871464487743558, "mean_deviation": 0.1003523249999983, "standard_deviation": 0.16580573013340805}, "correctRatio": {"mean": 0.9688070384294069, "median": 0.9973961073119411, "mean_deviation": 0.05929781994569976, "standard_deviation": 0.15509464213715593}, "wrongRatio": {"mean": 0.011692961570593149, "median": 0.001546391752577314, "mean_deviation": 0.022684345446951238, "standard_deviation": 0.07335725588100309}}