{"coverage": {"mean": 0.999731182795699, "median": 0.9999327052489906, "mean_deviation": 0.0005369117817088456, "standard_deviation": 0.007332355751067663}, "correctRatio": {"mean": 0.7574618065286918, "median": 0.8787179487179487, "mean_deviation": 0.2544111118294931, "standard_deviation": 0.2822484310389471}, "wrongRatio": {"mean": 0.24253819347130823, "median": 0.12128205128205127, "mean_deviation": 0.2544111118294931, "standard_deviation": 0.2822484310389471}}