{"coverage": {"mean": 0.7658804470602223, "median": 0.9532608695652174, "mean_deviation": 0.25029456446785936, "standard_deviation": 0.3191274076943552}, "correctRatio": {"mean": 0.839633088509493, "median": 0.9815384615384615, "mean_deviation": 0.23424380330074027, "standard_deviation": 0.31354986098533677}, "wrongRatio": {"mean": 0.06298863433694894, "median": 0.01040723981900453, "mean_deviation": 0.10427331976378834, "standard_deviation": 0.14966930046789}}