{"coverage": {"mean": 0.9950054734537493, "median": 0.9991228070175439, "mean_deviation": 0.009816828039182294, "standard_deviation": 0.03808290945929238}, "correctRatio": {"mean": 0.6117165140455971, "median": 0.5499999999999999, "mean_deviation": 0.27681955847097633, "standard_deviation": 0.3072174555994334}, "wrongRatio": {"mean": 0.3882834859544028, "median": 0.3666666666666667, "mean_deviation": 0.2768195584709763, "standard_deviation": 0.30721745559943336}}