{"coverage": {"mean": 0.7054019457245264, "median": 0.6971014492753622, "mean_deviation": 0.2115570751366799, "standard_deviation": 0.2569650245311921}, "correctRatio": {"mean": 0.8697600040341976, "median": 0.9795454545454545, "mean_deviation": 0.1848567684675904, "standard_deviation": 0.22553115415022001}, "wrongRatio": {"mean": 0.1194873077937594, "median": 0.01940298507462687, "mean_deviation": 0.1721645080039116, "standard_deviation": 0.20666195462570475}}