{"coverage": {"mean": 1.0, "median": 1.0, "mean_deviation": 0.0, "standard_deviation": 0.0}, "correctRatio": {"mean": 0.48400247566756105, "median": 0.38461538461538464, "mean_deviation": 0.22180926069940796, "standard_deviation": 0.2733541712881331}, "wrongRatio": {"mean": 0.515997524332439, "median": 0.6153846153846154, "mean_deviation": 0.22180926069940787, "standard_deviation": 0.2733541712881331}}