{"coverage": {"mean": 0.48613934962249566, "median": 0.47500000000000003, "mean_deviation": 0.3104339212153881, "standard_deviation": 0.3562920436500734}, "correctRatio": {"mean": 0.6869050373263856, "median": 0.9638709677419355, "mean_deviation": 0.3673500016701637, "standard_deviation": 0.4140316704342988}, "wrongRatio": {"mean": 0.09961181660619862, "median": 0.012971698113207544, "mean_deviation": 0.1581850570825029, "standard_deviation": 0.21347992136365623}}