{"coverage": {"mean": 0.5875705962784614, "median": 0.6565104166666665, "mean_deviation": 0.2795627545112033, "standard_deviation": 0.3347046451106534}, "correctRatio": {"mean": 0.8200374531835206, "median": 0.9839108910891089, "mean_deviation": 0.27230287982718177, "standard_deviation": 0.35565983874729235}, "wrongRatio": {"mean": 0.037640449438202245, "median": 0.005625000000000005, "mean_deviation": 0.06766822370912759, "standard_deviation": 0.12133804169634729}}