{"coverage": {"mean": 0.9982165150704476, "median": 0.9996226415094339, "mean_deviation": 0.0035402509837556277, "standard_deviation": 0.022163947885229178}, "correctRatio": {"mean": 0.11559022095325144, "median": 0.041666666666666664, "mean_deviation": 0.08893550165075664, "standard_deviation": 0.15366787159169776}, "wrongRatio": {"mean": 0.8844097790467486, "median": 0.9583333333333333, "mean_deviation": 0.08893550165075667, "standard_deviation": 0.15366787159169776}}