{"coverage": {"mean": 0.9734254992319509, "median": 0.9932926829268293, "mean_deviation": 0.04686256049419428, "standard_deviation": 0.07762010370505985}, "correctRatio": {"mean": 0.8937788018433179, "median": 0.9816176470588235, "mean_deviation": 0.15533422526138438, "standard_deviation": 0.183575514349963}, "wrongRatio": {"mean": 0.10622119815668203, "median": 0.018382352941176475, "mean_deviation": 0.1553342252613844, "standard_deviation": 0.183575514349963}}