{"coverage": {"mean": 0.654951195037402, "median": 0.7047619047619047, "mean_deviation": 0.265489192550231, "standard_deviation": 0.3432981074623162}, "correctRatio": {"mean": 0.8106931382793452, "median": 0.9814960629921259, "mean_deviation": 0.276344499293369, "standard_deviation": 0.3616965144399146}, "wrongRatio": {"mean": 0.03988157436433298, "median": 0.006862745098039219, "mean_deviation": 0.0701365618131375, "standard_deviation": 0.12239222222872485}}