{"coverage": {"mean": 0.9972801854824327, "median": 0.9994318181818181, "mean_deviation": 0.005378509607773573, "standard_deviation": 0.02686950999891488}, "correctRatio": {"mean": 0.27130543073954505, "median": 0.19553571428571426, "mean_deviation": 0.14266097735709324, "standard_deviation": 0.19898676785409142}, "wrongRatio": {"mean": 0.728694569260455, "median": 0.8044642857142856, "mean_deviation": 0.14266097735709324, "standard_deviation": 0.19898676785409142}}