{"coverage": {"mean": 0.9884965222043873, "median": 0.9976470588235293, "mean_deviation": 0.021972935115214986, "standard_deviation": 0.05657941720580128}, "correctRatio": {"mean": 0.6568250892972604, "median": 0.6266666666666666, "mean_deviation": 0.27136467465103525, "standard_deviation": 0.29746592966059016}, "wrongRatio": {"mean": 0.3431749107027397, "median": 0.3733333333333333, "mean_deviation": 0.27136467465103525, "standard_deviation": 0.29746592966059016}}