{
    "coverage": {
        "mean": 0.993481182795699,
        "median": 0.9985477178423237,
        "mean_deviation": 0.012669636663198055,
        "standard_deviation": 0.04388415768251172
    },
    "correctRatio": {
        "mean": 0.9908980841440519,
        "median": 0.9989010989010989,
        "mean_deviation": 0.01781235146002762,
        "standard_deviation": 0.0657717514399898
    },
    "wrongRatio": {
        "mean": 0.009101915855948115,
        "median": 0.001098901098901102,
        "mean_deviation": 0.01781235146002762,
        "standard_deviation": 0.0657717514399898
    }
}