{"coverage": {"mean": 0.8876805778491171, "median": 0.9770491803278688, "mean_deviation": 0.15396594946525494, "standard_deviation": 0.19374586109401148}, "correctRatio": {"mean": 0.8397682217906937, "median": 0.9732758620689654, "mean_deviation": 0.20897156587094787, "standard_deviation": 0.24005853873191915}, "wrongRatio": {"mean": 0.1489958231531265, "median": 0.025423728813559324, "mean_deviation": 0.1975910065797709, "standard_deviation": 0.22324299735502692}}