{"coverage": {"mean": 0.9672685928303906, "median": 0.994375, "mean_deviation": 0.058842979181320504, "standard_deviation": 0.10653577317284477}, "correctRatio": {"mean": 0.7752673739934149, "median": 0.9559859154929577, "mean_deviation": 0.2424254951119501, "standard_deviation": 0.26445291498848406}, "wrongRatio": {"mean": 0.22473262600658503, "median": 0.044014084507042264, "mean_deviation": 0.2424254951119501, "standard_deviation": 0.264452914988484}}