{"coverage": {"mean": 0.9660246120920278, "median": 0.99390756302521, "mean_deviation": 0.060570354472639636, "standard_deviation": 0.10099316120451406}, "correctRatio": {"mean": 0.7976068095450118, "median": 0.9621710526315789, "mean_deviation": 0.2314811947907523, "standard_deviation": 0.2528415344855274}, "wrongRatio": {"mean": 0.20239319045498821, "median": 0.03782894736842106, "mean_deviation": 0.23148119479075224, "standard_deviation": 0.2528415344855274}}