{"coverage": {"mean": 0.36894727239554825, "median": 0.3141025641025641, "mean_deviation": 0.2928591875381412, "standard_deviation": 0.3470059067890512}, "correctRatio": {"mean": 0.5891722102928999, "median": 0.9522471910112359, "mean_deviation": 0.4289527595611622, "standard_deviation": 0.45710357797632617}, "wrongRatio": {"mean": 0.08898870924732993, "median": 0.010000000000000002, "mean_deviation": 0.14831451541221694, "standard_deviation": 0.21687455091300886}}