{"coverage": {"mean": 0.975775, "median": 0.9956226209896682, "mean_deviation": 0.044549775000001, "standard_deviation": 0.0939883837670463}, "correctRatio": {"mean": 0.9611153915528916, "median": 0.994536882972823, "mean_deviation": 0.07010894903013554, "standard_deviation": 0.13048333353923997}, "wrongRatio": {"mean": 0.03738460844710845, "median": 0.0053709856035437376, "mean_deviation": 0.06751660285547864, "standard_deviation": 0.12505843039233386}}