{
    "coverage": {
        "mean": 0.983475,
        "median": 0.9964954521134296,
        "mean_deviation": 0.030885225000000995,
        "standard_deviation": 0.0697539043967382
    },
    "correctRatio": {
        "mean": 0.9474552276787989,
        "median": 0.9930523917995444,
        "mean_deviation": 0.09226862019602704,
        "standard_deviation": 0.15599742455008625
    },
    "wrongRatio": {
        "mean": 0.05254477232120118,
        "median": 0.006947608200455577,
        "mean_deviation": 0.09226862019602705,
        "standard_deviation": 0.15599742455008625
    }
}