{"coverage": {"mean": 0.9869663382594417, "median": 0.9979041916167665, "mean_deviation": 0.025018638053715434, "standard_deviation": 0.07194103113763496}, "correctRatio": {"mean": 0.4077172779202321, "median": 0.3333333333333333, "mean_deviation": 0.22796510994224722, "standard_deviation": 0.2823797676265304}, "wrongRatio": {"mean": 0.5922827220797678, "median": 0.6666666666666666, "mean_deviation": 0.22796510994224722, "standard_deviation": 0.2823797676265304}}