{
    "coverage": {
        "mean": 0.993481182795699,
        "median": 0.9985477178423237,
        "mean_deviation": 0.012669636663198055,
        "standard_deviation": 0.04388415768251172
    },
    "correctRatio": {
        "mean": 0.9907300733913638,
        "median": 0.9989010989010989,
        "mean_deviation": 0.01814114669647129,
        "standard_deviation": 0.06685835575233894
    },
    "wrongRatio": {
        "mean": 0.009269926608636287,
        "median": 0.001098901098901102,
        "mean_deviation": 0.018141146696471294,
        "standard_deviation": 0.06685835575233894
    }
}