{"coverage": {"mean": 0.996745140003567, "median": 0.9994318181818181, "mean_deviation": 0.006436577071597918, "standard_deviation": 0.030804692533981996}, "correctRatio": {"mean": 0.5672318489925734, "median": 0.45937500000000003, "mean_deviation": 0.26830548384102887, "standard_deviation": 0.30156984654582236}, "wrongRatio": {"mean": 0.43276815100742666, "median": 0.540625, "mean_deviation": 0.2683054838410288, "standard_deviation": 0.30156984654582236}}