{"coverage": {"mean": 0.8743401105760656, "median": 0.9835820895522388, "mean_deviation": 0.18920073156280776, "standard_deviation": 0.26512496416783504}, "correctRatio": {"mean": 0.7461033238627423, "median": 0.9572916666666667, "mean_deviation": 0.27605981124550566, "standard_deviation": 0.30885477951216}, "wrongRatio": {"mean": 0.20520753756047874, "median": 0.03503184713375797, "mean_deviation": 0.24152525157151694, "standard_deviation": 0.26259573178954393}}