{"coverage": {"mean": 0.5752440248129903, "median": 0.6532051282051281, "mean_deviation": 0.2674644068223138, "standard_deviation": 0.3293368219974935}, "correctRatio": {"mean": 0.7909613375130616, "median": 0.9798387096774193, "mean_deviation": 0.2982518406418528, "standard_deviation": 0.37702113451129754}, "wrongRatio": {"mean": 0.04237199582027168, "median": 0.006862745098039219, "mean_deviation": 0.07451626851151232, "standard_deviation": 0.12906921108135477}}