{"coverage": {"mean": 0.9915061530230069, "median": 0.9986538461538461, "mean_deviation": 0.016542323700510824, "standard_deviation": 0.058350097789929264}, "correctRatio": {"mean": 0.3444245708837026, "median": 0.26764705882352946, "mean_deviation": 0.1992535255338129, "standard_deviation": 0.260846791858013}, "wrongRatio": {"mean": 0.6555754291162974, "median": 0.7323529411764705, "mean_deviation": 0.1992535255338129, "standard_deviation": 0.260846791858013}}