{"coverage": {"mean": 0.9834869431643625, "median": 0.996551724137931, "mean_deviation": 0.030895396660224925, "standard_deviation": 0.06686214911721153}, "correctRatio": {"mean": 0.7123769432830154, "median": 0.7, "mean_deviation": 0.24904646470927522, "standard_deviation": 0.2703831776372747}, "wrongRatio": {"mean": 0.2876230567169846, "median": 0.3, "mean_deviation": 0.24904646470927522, "standard_deviation": 0.27038317763727465}}