{"coverage": {"mean": 1.0, "median": 1.0, "mean_deviation": 0.0, "standard_deviation": 0.0}, "correctRatio": {"mean": 0.22600595771858278, "median": 0.19647058823529412, "mean_deviation": 0.1076219409174536, "standard_deviation": 0.15821741760800165}, "wrongRatio": {"mean": 0.7739940422814172, "median": 0.8035294117647058, "mean_deviation": 0.10762194091745357, "standard_deviation": 0.15821741760800165}}