{
    "coverage": {
        "mean": 0.994475,
        "median": 0.9994949494949494,
        "mean_deviation": 0.01093949999999985,
        "standard_deviation": 0.059160581151482025
    },
    "correctRatio": {
        "mean": 0.6839567610449218,
        "median": 0.7187411598302688,
        "mean_deviation": 0.2754018075738002,
        "standard_deviation": 0.30444177657859894
    },
    "wrongRatio": {
        "mean": 0.3145432389550782,
        "median": 0.27828854314002827,
        "mean_deviation": 0.2747629372906634,
        "standard_deviation": 0.3035298961296199
    }
}