{"coverage": {"mean": 0.7364990190832887, "median": 0.8821428571428571, "mean_deviation": 0.2671705846557508, "standard_deviation": 0.3289265178955095}, "correctRatio": {"mean": 0.6862740927538994, "median": 0.875, "mean_deviation": 0.31948712092463305, "standard_deviation": 0.35529071153249764}, "wrongRatio": {"mean": 0.22383826679666244, "median": 0.03503184713375797, "mean_deviation": 0.26433799765892096, "standard_deviation": 0.2907025224042517}}