{"coverage": {"mean": 0.891202960584983, "median": 0.9887614678899083, "mean_deviation": 0.17766108308969017, "standard_deviation": 0.2639075836132636}, "correctRatio": {"mean": 0.7535072241532915, "median": 0.9566433566433566, "mean_deviation": 0.2662062525263723, "standard_deviation": 0.3010287694037535}, "wrongRatio": {"mean": 0.20529427397404926, "median": 0.0366883116883117, "mean_deviation": 0.23726683816634553, "standard_deviation": 0.260668102503893}}