{"coverage": {"mean": 0.8160030103995621, "median": 0.9736842105263157, "mean_deviation": 0.24237522727415706, "standard_deviation": 0.30963440672274295}, "correctRatio": {"mean": 0.7641294927932859, "median": 0.9671428571428571, "mean_deviation": 0.2859082158428171, "standard_deviation": 0.3268867394702414}, "wrongRatio": {"mean": 0.16115786352855319, "median": 0.023728813559322035, "mean_deviation": 0.21858192984332517, "standard_deviation": 0.24808251372904955}}