{"coverage": {"mean": 0.9626728110599079, "median": 0.9911392405063291, "mean_deviation": 0.06341608443585563, "standard_deviation": 0.09698651386621668}, "correctRatio": {"mean": 0.8985151049667178, "median": 0.9816176470588235, "mean_deviation": 0.1484080185432944, "standard_deviation": 0.17711236699494848}, "wrongRatio": {"mean": 0.10148489503328213, "median": 0.018382352941176475, "mean_deviation": 0.14840801854329438, "standard_deviation": 0.17711236699494848}}